server_id,datid,relid,s_from,s_to,t_from,t_to,dt_sec,relname,schemaname,d_total,d_delay,d_blk_read_t,d_blk_write_t,d_blks_read,d_blks_hit,d_blks_dirty,d_blks_written,d_wal_records,d_wal_fpi,d_wal_bytes,d_tuples_deleted,d_pages_scanned,d_pages_removed,d_recent_dead,d_tuples_frozen,d_vm_visible,d_vm_frozen,d_vm_visible_frozen,d_idx_passes,d_failsafe,d_missed_pages,d_missed_tuples
1,24797,26363,2,3,2026-04-26 01:43:50+03,2026-04-26 01:44:35+03,45.000000,pgbench_accounts,public,0,0,0,0,0,0,0,0,0,0,0,0,0,0,0,0,0,0,0,0,0,0,0
1,24797,26367,2,3,2026-04-26 01:43:50+03,2026-04-26 01:44:35+03,45.000000,pgbench_branches,public,0,0,0,0,0,0,0,0,0,0,0,0,0,0,0,0,0,0,0,0,0,0,0
1,24797,26356,2,3,2026-04-26 01:43:50+03,2026-04-26 01:44:35+03,45.000000,pgbench_history,public,0,0,0,0,0,0,0,0,0,0,0,0,0,0,0,0,0,0,0,0,0,0,0
1,24797,26359,2,3,2026-04-26 01:43:50+03,2026-04-26 01:44:35+03,45.000000,pgbench_tellers,public,0,0,0,0,0,0,0,0,0,0,0,0,0,0,0,0,0,0,0,0,0,0,0
1,24797,26097,3,4,2026-04-26 01:44:35+03,2026-04-26 01:44:36+03,1.000000,last_stat_indexes_srv1,public,0,0,0,0,0,0,0,0,0,0,0,0,0,0,0,0,0,0,0,0,0,0,0
1,24797,1249,3,4,2026-04-26 01:44:35+03,2026-04-26 01:44:36+03,1.000000,pg_attribute,pg_catalog,0,0,0,0,0,0,0,0,0,0,0,0,0,0,0,0,0,0,0,0,0,0,0
1,24797,2608,3,4,2026-04-26 01:44:35+03,2026-04-26 01:44:36+03,1.000000,pg_depend,pg_catalog,0,0,0,0,0,0,0,0,0,0,0,0,0,0,0,0,0,0,0,0,0,0,0
1,24797,26363,3,4,2026-04-26 01:44:35+03,2026-04-26 01:44:36+03,1.000000,pgbench_accounts,public,32497.618,32140,0,0,0,6059,1,0,1999,1,231020,14,1989,0,27722,0,6,0,0,1,0,0,0
1,24797,26367,3,4,2026-04-26 01:44:35+03,2026-04-26 01:44:36+03,1.000000,pgbench_branches,public,0,0,0,0,0,0,0,0,0,0,0,0,0,0,0,0,0,0,0,0,0,0,0
1,24797,26356,3,4,2026-04-26 01:44:35+03,2026-04-26 01:44:36+03,1.000000,pgbench_history,public,0,0,0,0,0,0,0,0,0,0,0,0,0,0,0,0,0,0,0,0,0,0,0
1,24797,26359,3,4,2026-04-26 01:44:35+03,2026-04-26 01:44:36+03,1.000000,pgbench_tellers,public,0,0,0,0,0,0,0,0,0,0,0,0,0,0,0,0,0,0,0,0,0,0,0
1,24797,26097,4,5,2026-04-26 01:44:36+03,2026-04-26 01:45:22+03,46.000000,last_stat_indexes_srv1,public,0,0,0,0,0,0,0,0,0,0,0,0,0,0,0,0,0,0,0,0,0,0,0
1,24797,26097,5,6,2026-04-26 01:45:22+03,2026-04-26 01:45:22+03,0.000000,last_stat_indexes_srv1,public,0,0,0,0,0,0,0,0,0,0,0,0,0,0,0,0,0,0,0,0,0,0,0
1,24797,26079,5,6,2026-04-26 01:45:22+03,2026-04-26 01:45:22+03,0.000000,last_stat_tables_srv1,public,0,0,0,0,0,0,0,0,0,0,0,0,0,0,0,0,0,0,0,0,0,0,0
1,24797,1249,4,5,2026-04-26 01:44:36+03,2026-04-26 01:45:22+03,46.000000,pg_attribute,pg_catalog,0,0,0,0,0,0,0,0,0,0,0,0,0,0,0,0,0,0,0,0,0,0,0
1,24797,1249,5,6,2026-04-26 01:45:22+03,2026-04-26 01:45:22+03,0.000000,pg_attribute,pg_catalog,0,0,0,0,0,0,0,0,0,0,0,0,0,0,0,0,0,0,0,0,0,0,0
1,24797,2608,4,5,2026-04-26 01:44:36+03,2026-04-26 01:45:22+03,46.000000,pg_depend,pg_catalog,0,0,0,0,0,0,0,0,0,0,0,0,0,0,0,0,0,0,0,0,0,0,0
1,24797,2608,5,6,2026-04-26 01:45:22+03,2026-04-26 01:45:22+03,0.000000,pg_depend,pg_catalog,0,0,0,0,0,0,0,0,0,0,0,0,0,0,0,0,0,0,0,0,0,0,0
1,24797,26363,4,5,2026-04-26 01:44:36+03,2026-04-26 01:45:22+03,46.000000,pgbench_accounts,public,225.33100000000195,90.09999999999854,-3.552713678800501e-15,0,0,16354,0,0,7740,0,887166,70468,6852,0,19787,0,3493,0,0,62,0,1,27
1,24797,26363,5,6,2026-04-26 01:45:22+03,2026-04-26 01:45:22+03,0.000000,pgbench_accounts,public,0,0,0,0,0,0,0,0,0,0,0,0,0,0,0,0,0,0,0,0,0,0,0
1,24797,26367,5,6,2026-04-26 01:45:22+03,2026-04-26 01:45:22+03,0.000000,pgbench_branches,public,0,0,0,0,0,0,0,0,0,0,0,0,0,0,0,0,0,0,0,0,0,0,0
1,24797,26367,4,5,2026-04-26 01:44:36+03,2026-04-26 01:45:22+03,46.000000,pgbench_branches,public,0,0,0,0,0,0,0,0,0,0,0,0,0,0,0,0,0,0,0,0,0,0,0
1,24797,26356,4,5,2026-04-26 01:44:36+03,2026-04-26 01:45:22+03,46.000000,pgbench_history,public,0,0,0,0,0,0,0,0,0,0,0,0,0,0,0,0,0,0,0,0,0,0,0
1,24797,26356,5,6,2026-04-26 01:45:22+03,2026-04-26 01:45:22+03,0.000000,pgbench_history,public,0,0,0,0,0,0,0,0,0,0,0,0,0,0,0,0,0,0,0,0,0,0,0
1,24797,26359,4,5,2026-04-26 01:44:36+03,2026-04-26 01:45:22+03,46.000000,pgbench_tellers,public,0,0,0,0,0,0,0,0,0,0,0,0,0,0,0,0,0,0,0,0,0,0,0
1,24797,26359,5,6,2026-04-26 01:45:22+03,2026-04-26 01:45:22+03,0.000000,pgbench_tellers,public,0,0,0,0,0,0,0,0,0,0,0,0,0,0,0,0,0,0,0,0,0,0,0
1,24797,26097,6,7,2026-04-26 01:45:22+03,2026-04-26 01:46:08+03,46.000000,last_stat_indexes_srv1,public,8.9699999999998,6,0,0,0,630,0,0,241,0,24989,1069,192,0,0,0,192,0,171,1,0,0,0
1,24797,26079,6,7,2026-04-26 01:45:22+03,2026-04-26 01:46:08+03,46.000000,last_stat_tables_srv1,public,4.712999999999999,2,0,0,0,450,0,0,170,2,31671,855,113,70,0,0,113,0,93,1,0,0,0
1,24797,1249,6,7,2026-04-26 01:45:22+03,2026-04-26 01:46:08+03,46.000000,pg_attribute,pg_catalog,0,0,0,0,0,0,0,0,0,0,0,0,0,0,0,0,0,0,0,0,0,0,0
1,24797,2608,6,7,2026-04-26 01:45:22+03,2026-04-26 01:46:08+03,46.000000,pg_depend,pg_catalog,0,0,0,0,0,0,0,0,0,0,0,0,0,0,0,0,0,0,0,0,0,0,0
1,24797,26363,6,7,2026-04-26 01:45:22+03,2026-04-26 01:46:08+03,46.000000,pgbench_accounts,public,1587.226999999988,810.330000000009,0,0,0,84816,0,0,4355,0,314474,4392,41726,0,66,0,4257,0,0,0,0,0,0
1,24797,26367,6,7,2026-04-26 01:45:22+03,2026-04-26 01:46:08+03,46.000000,pgbench_branches,public,0,0,0,0,0,0,0,0,0,0,0,0,0,0,0,0,0,0,0,0,0,0,0
1,24797,26356,6,7,2026-04-26 01:45:22+03,2026-04-26 01:46:08+03,46.000000,pgbench_history,public,0,0,0,0,0,0,0,0,0,0,0,0,0,0,0,0,0,0,0,0,0,0,0
1,24797,26359,6,7,2026-04-26 01:45:22+03,2026-04-26 01:46:08+03,46.000000,pgbench_tellers,public,0,0,0,0,0,0,0,0,0,0,0,0,0,0,0,0,0,0,0,0,0,0,0
