pattern,relname,windows,phase_seconds,total_time_ms,delay_time_ms,blks_read,blks_hit,blks_dirty,blks_written,wal_records,wal_fpi,wal_bytes,tuples_deleted,pages_scanned,pages_removed,recent_dead,tuples_frozen,vm_visible,vm_frozen,vm_visible_frozen,index_passes,failsafe,missed_pages,missed_tuples
boundaries,indexes_list,3,46.000000,0,0,0,0,0,0,0,0,0,0,0,0,0,0,0,0,0,0,0,0,0
boundaries,last_stat_indexes_srv1,3,46.000000,16.51299999999999,12.46,8,506,42,8,202,0,20803,1091,152,0,0,0,152,0,127,1,0,0,0
boundaries,last_stat_io,3,46.000000,0,0,0,0,0,0,0,0,0,0,0,0,0,0,0,0,0,0,0,0,0
boundaries,last_stat_statements_srv1,3,46.000000,0,0,0,0,0,0,0,0,0,0,0,0,0,0,0,0,0,0,0,0,0
boundaries,last_stat_tables_srv1,3,46.000000,27.768,22.549999999999997,3,652,92,1,259,0,24305,920,203,0,0,0,203,0,180,1,0,0,0
boundaries,pg_attribute,3,46.000000,0,0,0,0,0,0,0,0,0,0,0,0,0,0,0,0,0,0,0,0,0
boundaries,pg_class,3,46.000000,0,0,0,0,0,0,0,0,0,0,0,0,0,0,0,0,0,0,0,0,0
boundaries,pg_depend,3,46.000000,0,0,0,0,0,0,0,0,0,0,0,0,0,0,0,0,0,0,0,0,0
boundaries,pg_statistic,3,46.000000,0,0,0,0,0,0,0,0,0,0,0,0,0,0,0,0,0,0,0,0,0
boundaries,pgbench_accounts,3,46.000000,8165.588,5711.819999999992,39231,237945,12762,10583,80517,0,5124965,42447,119055,0,26675,0,62379,0,26676,7,0,3,3
boundaries,pgbench_branches,3,46.000000,0,0,0,0,0,0,0,0,0,0,0,0,0,0,0,0,0,0,0,0,0
boundaries,pgbench_history,3,46.000000,0,0,0,0,0,0,0,0,0,0,0,0,0,0,0,0,0,0,0,0,0
boundaries,pgbench_tellers,3,46.000000,0,0,0,0,0,0,0,0,0,0,0,0,0,0,0,0,0,0,0,0,0
boundaries,sample_stat_tables,3,46.000000,18.662,14.789999999999964,61,144,67,56,64,1,12288,0,63,0,0,0,63,0,0,0,0,0,0
boundaries,tables_list,3,46.000000,0,0,0,0,0,0,0,0,0,0,0,0,0,0,0,0,0,0,0,0,0
chunked,indexes_list,3,46.000000,0,0,0,0,0,0,0,0,0,0,0,0,0,0,0,0,0,0,0,0,0
chunked,last_stat_indexes_srv1,3,46.000000,15.436999999999998,12.560000000003129,2,490,40,1,203,41,28374,1109,152,0,0,0,152,0,126,1,0,0,0
chunked,last_stat_io,3,46.000000,0,0,0,0,0,0,0,0,0,0,0,0,0,0,0,0,0,0,0,0,0
chunked,last_stat_statements_srv1,3,46.000000,0,0,0,0,0,0,0,0,0,0,0,0,0,0,0,0,0,0,0,0,0
chunked,last_stat_tables_srv1,3,46.000000,113.30799999999999,97.69999999999996,207,446,205,134,345,205,582830,909,203,0,0,347,203,0,203,1,0,0,0
chunked,pg_attribute,3,46.000000,0,0,0,0,0,0,0,0,0,0,0,0,0,0,0,0,0,0,0,0,0
chunked,pg_class,3,46.000000,0,0,0,0,0,0,0,0,0,0,0,0,0,0,0,0,0,0,0,0,0
chunked,pg_depend,3,46.000000,0,0,0,0,0,0,0,0,0,0,0,0,0,0,0,0,0,0,0,0,0
chunked,pg_statistic,3,46.000000,0,0,0,0,0,0,0,0,0,0,0,0,0,0,0,0,0,0,0,0,0
chunked,pgbench_accounts,3,46.000000,25563.106999999996,20302.990000000485,105701,108187,84902,84037,106434,50538,135007080,325002,77951,0,916116,30689,30413,0,22978,2,0,3,6
chunked,pgbench_branches,3,46.000000,0,0,0,0,0,0,0,0,0,0,0,0,0,0,0,0,0,0,0,0,0
chunked,pgbench_history,3,46.000000,0,0,0,0,0,0,0,0,0,0,0,0,0,0,0,0,0,0,0,0,0
chunked,pgbench_tellers,3,46.000000,0,0,0,0,0,0,0,0,0,0,0,0,0,0,0,0,0,0,0,0,0
chunked,sample_stat_indexes,3,46.000000,0,0,0,0,0,0,0,0,0,0,0,0,0,0,0,0,0,0,0,0,0
chunked,sample_stat_tables,3,46.000000,0,0,0,0,0,0,0,0,0,0,0,0,0,0,0,0,0,0,0,0,0
chunked,tables_list,3,46.000000,0,0,0,0,0,0,0,0,0,0,0,0,0,0,0,0,0,0,0,0,0
middle,indexes_list,3,46.000000,0,0,0,0,0,0,0,0,0,0,0,0,0,0,0,0,0,0,0,0,0
middle,last_stat_indexes_srv1,3,46.000000,6.655000000000001,4,0,512,0,0,201,0,20741,1083,152,0,0,0,152,0,127,1,0,0,0
middle,last_stat_io,3,46.000000,0,0,0,0,0,0,0,0,0,0,0,0,0,0,0,0,0,0,0,0,0
middle,last_stat_statements_srv1,3,46.000000,0,0,0,0,0,0,0,0,0,0,0,0,0,0,0,0,0,0,0,0,0
middle,last_stat_tables_srv1,3,46.000000,30.42,24.939999999999998,0,645,87,0,254,0,23947,893,200,0,0,0,200,0,175,1,0,0,0
middle,pg_attribute,3,46.000000,0,0,0,0,0,0,0,0,0,0,0,0,0,0,0,0,0,0,0,0,0
middle,pg_class,3,46.000000,0,0,0,0,0,0,0,0,0,0,0,0,0,0,0,0,0,0,0,0,0
middle,pg_depend,3,46.000000,0,0,0,0,0,0,0,0,0,0,0,0,0,0,0,0,0,0,0,0,0
middle,pg_statistic,3,46.000000,0,0,0,0,0,0,0,0,0,0,0,0,0,0,0,0,0,0,0,0,0
middle,pgbench_accounts,3,46.000000,4654.841,3085.659999999998,11804,236639,2457,854,73250,1,4456143,10783,91650,0,14650,0,62409,0,57215,6,0,0,0
middle,pgbench_branches,3,46.000000,0,0,0,0,0,0,0,0,0,0,0,0,0,0,0,0,0,0,0,0,0
middle,pgbench_history,3,46.000000,0,0,0,0,0,0,0,0,0,0,0,0,0,0,0,0,0,0,0,0,0
middle,pgbench_tellers,3,46.000000,0,0,0,0,0,0,0,0,0,0,0,0,0,0,0,0,0,0,0,0,0
middle,sample_stat_tables,3,46.000000,0,0,0,0,0,0,0,0,0,0,0,0,0,0,0,0,0,0,0,0,0
middle,tables_list,3,46.000000,0,0,0,0,0,0,0,0,0,0,0,0,0,0,0,0,0,0,0,0,0
random,indexes_list,3,46.000000,0,0,0,0,0,0,0,0,0,0,0,0,0,0,0,0,0,0,0,0,0
random,last_stat_indexes_srv1,3,46.000000,16.289,12.490000000000002,6,498,45,6,201,0,20657,1096,150,0,0,0,150,0,129,1,0,0,0
random,last_stat_io,3,46.000000,0,0,0,0,0,0,0,0,0,0,0,0,0,0,0,0,0,0,0,0,0
random,last_stat_statements_srv1,3,46.000000,0,0,0,0,0,0,0,0,0,0,0,0,0,0,0,0,0,0,0,0,0
random,last_stat_tables_srv1,3,46.000000,31.445,25.11,0,686,94,0,275,97,49738,960,209,18,0,0,209,0,189,1,0,0,0
random,pg_attribute,3,46.000000,0,0,0,0,0,0,0,0,0,0,0,0,0,0,0,0,0,0,0,0,0
random,pg_class,3,46.000000,0,0,0,0,0,0,0,0,0,0,0,0,0,0,0,0,0,0,0,0,0
random,pg_depend,3,46.000000,0,0,0,0,0,0,0,0,0,0,0,0,0,0,0,0,0,0,0,0,0
random,pg_statistic,3,46.000000,0,0,0,0,0,0,0,0,0,0,0,0,0,0,0,0,0,0,0,0,0
random,pgbench_accounts,3,46.000000,18662.546000000002,14038.879999999976,48898,302474,50242,47556,121045,3885,39017570,74726,152246,0,80526,108139,52660,0,3756,7,0,2,2
random,pgbench_branches,3,46.000000,0,0,0,0,0,0,0,0,0,0,0,0,0,0,0,0,0,0,0,0,0
random,pgbench_history,3,46.000000,0,0,0,0,0,0,0,0,0,0,0,0,0,0,0,0,0,0,0,0,0
random,pgbench_tellers,3,46.000000,0,0,0,0,0,0,0,0,0,0,0,0,0,0,0,0,0,0,0,0,0
random,sample_stat_tables,1,15.000000,0,0,0,0,0,0,0,0,0,0,0,0,0,0,0,0,0,0,0,0,0
random,tables_list,3,46.000000,0,0,0,0,0,0,0,0,0,0,0,0,0,0,0,0,0,0,0,0,0
